class,trainer,start_date,survey_date,source,period,score,response_count,eligible_count,promoters,passives,detractors,trainer_effectiveness,material_relevance,equipment,overall_experience,comments,comment_type
BAG TCPA Wave 14,Maureen Mariano,2026-09-15,2026-09-22,FE,FST W1,100,22,28,14,6,2,94,88,52,96,"The material was clear; please check equipment readiness before practice.",OPPORTUNITY
BAG TCPA Wave 14,Maureen Mariano,2026-09-15,2026-09-29,FE,FST W2,100,21,28,13,6,2,93,88,52,96,,
BAG TCPA Wave 14,Maureen Mariano,2026-09-15,2026-10-06,FE,PST W1,100,20,28,12,6,2,92,88,52,96,"The trainer answered questions and kept the session engaging.",GOOD_PRACTICE
BAG TCPA Wave 14,Maureen Mariano,2026-09-15,2026-10-06,QUALTRICS,OCP W1,100,18,28,11,5,2,92,88,52,96,,
BAG Closed Loop Wave 23,Bryan Victoria,2026-09-15,2026-09-22,FE,FST W1,96.3,24,30,15,7,2,94,91,78,94,,
BAG Closed Loop Wave 23,Bryan Victoria,2026-09-15,2026-09-29,FE,FST W2,96.3,23,30,14,7,2,94,91,78,94,"Mock calls helped reinforce the process.",GOOD_PRACTICE
BAG Closed Loop Wave 23,Bryan Victoria,2026-09-15,2026-10-06,FE,PST W1,97.67,22,30,14,6,2,95,91,78,94,,
BAG Closed Loop Wave 23,Bryan Victoria,2026-09-15,2026-10-13,FE,PST W2,97.67,22,30,14,6,2,95,91,78,94,,
BAG Closed Loop Wave 23,Bryan Victoria,2026-09-15,2026-10-20,FE,PST W3,97.67,21,30,13,6,2,95,91,78,94,,
BAG Closed Loop Wave 23,Bryan Victoria,2026-09-15,2026-10-06,QUALTRICS,OCP W1,98,18,30,12,5,1,95,91,78,94,,
BAG Closed Loop Wave 23,Bryan Victoria,2026-09-15,2026-10-13,QUALTRICS,OCP W2,98,18,30,12,5,1,95,91,78,94,,
BAG Universal Fraud Wave 47 [STAR/FRIS],Dexter Dela Cruz,2026-09-15,2026-09-22,QUALTRICS,PST W1,100,20,26,13,5,2,96,89,75,93,"The walkthrough made the guide easier to use.",GOOD_PRACTICE
BAG Universal Fraud Wave 47 [STAR/FRIS],Dexter Dela Cruz,2026-09-15,2026-09-29,QUALTRICS,PST W2,100,19,26,12,5,2,96,89,75,93,,
BAG Universal Fraud Wave 47 [STAR/FRIS],Dexter Dela Cruz,2026-09-15,2026-10-06,QUALTRICS,OCP W1,100,18,26,12,4,2,96,89,75,93,,
BAG Universal Fraud Wave 47 [STAR/FRIS],Dexter Dela Cruz,2026-09-15,2026-10-13,QUALTRICS,OCP W2,100,18,26,12,4,2,96,89,75,93,,
BAG Universal Fraud Wave 47 [STAR/FRIS],Dexter Dela Cruz,2026-09-15,2026-10-20,QUALTRICS,OCP W3,100,17,26,11,4,2,96,89,75,93,,
BAG Dialer Wave 13,Jeonard Marasigan,2026-10-15,2026-10-22,FE,FST W1,,0,24,,,,,,,,,OTHER
BAG Dialer Wave 13,Jeonard Marasigan,2026-10-15,2026-10-22,QUALTRICS,PST W1,,0,24,,,,,,,,,OTHER
PPS Universal Fraud Wave 23 [STAR/FRIS],Nheanne Manalo,2026-09-15,2026-09-22,FE,FST W1,100,23,28,15,6,2,94,85,80,90,,
PPS Universal Fraud Wave 23 [STAR/FRIS],Nheanne Manalo,2026-09-15,2026-09-29,FE,FST W2,100,22,28,14,6,2,94,85,80,90,"The trainer gave clear explanations and useful examples.",GOOD_PRACTICE
PPS Universal Fraud Wave 23 [STAR/FRIS],Nheanne Manalo,2026-09-15,2026-10-06,FE,PST W1,95.04,21,28,12,7,2,92,85,80,90,,
PPS Universal Fraud Wave 23 [STAR/FRIS],Nheanne Manalo,2026-09-15,2026-10-13,FE,PST W2,95.04,20,28,12,6,2,92,85,80,90,,
BAG TCK Merchant Services Wave 18,Dexter Dela Cruz,2026-09-15,2026-09-22,FE,FST W1,94.44,24,30,15,7,2,93,85,80,90,"More time for hands-on practice would be helpful.",OPPORTUNITY
BAG TCK Merchant Services Wave 18,Dexter Dela Cruz,2026-09-15,2026-09-29,FE,FST W2,94.44,23,30,14,7,2,93,85,80,90,,
BAG TCK Merchant Services Wave 18,Dexter Dela Cruz,2026-09-15,2026-10-06,FE,PST W1,94.44,22,30,14,6,2,93,85,80,90,,
BAG TCK Merchant Services Wave 18,Dexter Dela Cruz,2026-09-15,2026-10-13,FE,PST W2,94.44,21,30,13,6,2,93,85,80,90,,
BAG TCK Merchant Services Wave 18,Dexter Dela Cruz,2026-09-15,2026-10-20,FE,PST W3,94.44,20,30,12,6,2,93,85,80,90,,
BAG TCK Merchant Services Wave 18,Dexter Dela Cruz,2026-09-15,2026-10-06,QUALTRICS,PST W1,100,18,30,12,5,1,94,85,80,90,,
BAG Money Network Wave 170,Raphael Agulto,2026-07-15,2026-07-22,FE,FST W1,97.78,24,28,16,6,2,96,93,85,97,"The examples were practical and easy to follow.",GOOD_PRACTICE
BAG Money Network Wave 170,Raphael Agulto,2026-07-15,2026-07-29,FE,FST W2,97.78,23,28,15,6,2,96,93,85,97,,
BAG Money Network Wave 170,Raphael Agulto,2026-07-15,2026-08-05,FE,PST W1,97.78,22,28,14,6,2,96,93,85,97,,
BAG Money Network Wave 170,Raphael Agulto,2026-07-15,2026-08-12,FE,PST W2,97.78,21,28,13,6,2,96,93,85,97,,
BAG Money Network Wave 170,Raphael Agulto,2026-07-15,2026-08-19,FE,PST W3,97.78,20,28,12,6,2,96,93,85,97,,
BAG Money Network Wave 170,Raphael Agulto,2026-07-15,2026-07-29,QUALTRICS,PST W1,100,18,28,12,5,1,96,93,85,97,,
BAG Money Network Wave 170,Raphael Agulto,2026-07-15,2026-08-05,QUALTRICS,PST W2,100,17,28,11,5,1,96,93,85,97,,
PPS Voice Authorization Wave 14,Jamuel Doria,2026-04-15,2026-04-22,FE,FST W1,100,24,28,16,6,2,97,95,88,98,"The sessions were organized and the trainer was prepared.",GOOD_PRACTICE
PPS Voice Authorization Wave 14,Jamuel Doria,2026-04-15,2026-04-29,FE,FST W2,100,23,28,15,6,2,97,95,88,98,,
PPS Voice Authorization Wave 14,Jamuel Doria,2026-04-15,2026-05-06,FE,PST W1,100,22,28,14,6,2,97,95,88,98,,
PPS Voice Authorization Wave 14,Jamuel Doria,2026-04-15,2026-05-13,FE,PST W2,100,21,28,13,6,2,97,95,88,98,,
PPS Voice Authorization Wave 14,Jamuel Doria,2026-04-15,2026-04-29,QUALTRICS,PST W1,100,18,28,12,5,1,97,95,88,98,,
PPS Voice Authorization Wave 14,Jamuel Doria,2026-04-15,2026-05-06,QUALTRICS,PST W2,100,17,28,11,5,1,97,95,88,98,,
BAG RSA CS Wave 1,Bernard Bayong,2026-09-15,2026-09-29,FE,FST W2,89.68,23,30,12,8,3,89,85,80,90,"Please add another practice round before the assessment.",OPPORTUNITY
BAG RSA CS Wave 1,Bernard Bayong,2026-09-15,2026-10-06,FE,PST W1,89.68,22,30,11,8,3,89,85,80,90,,
BAG RSA CS Wave 1,Bernard Bayong,2026-09-15,2026-10-13,FE,PST W2,89.68,21,30,11,7,3,89,85,80,90,,
BAG RSA CS Wave 1,Bernard Bayong,2026-09-15,2026-10-20,FE,PST W3,89.68,20,30,10,7,3,89,85,80,90,,
BAG RSA CS Wave 1,Bernard Bayong,2026-09-15,2026-10-27,FE,PST W4,89.68,19,30,9,7,3,89,85,80,90,,
BAG RSA CS Wave 1,Bernard Bayong,2026-09-15,2026-11-03,FE,PST W5,89.68,18,30,9,6,3,89,85,80,90,,
BAG RSA CS Wave 1,Bernard Bayong,2026-09-15,2026-09-29,QUALTRICS,PST W1,92,18,30,11,5,2,90,85,80,90,,
BAG RSA CS Wave 1,Bernard Bayong,2026-09-15,2026-10-06,QUALTRICS,PST W2,92,17,30,10,5,2,90,85,80,90,,
BAG RSA CS Wave 1,Bernard Bayong,2026-09-15,2026-10-13,QUALTRICS,PST W3,92,16,30,10,4,2,90,85,80,90,,
BAG RSA CS Wave 1,Bernard Bayong,2026-09-15,2026-10-20,QUALTRICS,PST W4,92,15,30,9,4,2,90,85,80,90,,
BAG RSA CS Wave 1,Bernard Bayong,2026-09-15,2026-10-27,QUALTRICS,PST W5,92,14,30,8,4,2,90,85,80,90,,
BAG Closed Loop Wave 24,Jimrose Sarmiento,2026-09-15,2026-09-22,FE,FST W1,,0,24,,,,,,,,,OTHER
BAG Closed Loop Wave 24,Jimrose Sarmiento,2026-09-15,2026-09-22,QUALTRICS,PST W1,,0,24,,,,,,,,,OTHER
BAG Digital Payment Wave 21, AJ Mendoza,2026-09-15,2026-09-22,FE,FST W1,97.37,24,30,15,7,2,94,85,80,90,,
BAG Digital Payment Wave 21, AJ Mendoza,2026-09-15,2026-09-29,FE,FST W2,97.37,23,30,14,7,2,94,85,80,90,,
BAG Digital Payment Wave 21, AJ Mendoza,2026-09-15,2026-10-06,FE,PST W1,97.37,22,30,14,6,2,94,85,80,90,"The trainer made sure we understood each step.",GOOD_PRACTICE
BAG Digital Payment Wave 21, AJ Mendoza,2026-09-15,2026-10-13,FE,PST W2,97.37,21,30,13,6,2,94,85,80,90,,
BAG Digital Payment Wave 21, AJ Mendoza,2026-09-15,2026-10-20,FE,PST W3,97.37,20,30,12,6,2,94,85,80,90,,
BAG Digital Payment Wave 21, AJ Mendoza,2026-09-15,2026-09-29,QUALTRICS,PST W1,98,18,30,12,5,1,95,85,80,90,,
BAG Digital Payment Wave 21, AJ Mendoza,2026-09-15,2026-10-06,QUALTRICS,PST W2,98,17,30,11,5,1,95,85,80,90,,
